UF,Estado,Nome IF,Campus / Município,IDHM-2010,Pop. Residente,SMMínimo (em salários mínimos),PIB per capita (R$),Pessoal com ocupação,Núm. de empresas atuantes,Matrícula ensino médio (2012),Matrícula ensino fundamental (2012),Qtd. de cursos técicos,Qtd. de eixos (consolidado por IF sede),Qtd. matriculas em CT,IDEB 2013 (Series finais rede publica),Qtd. de grupos de pesquisa (Valor agregado para o IF .),Projetos PIBID (Valor agregado por IF),Infraestrutura,Especialista,Mestre,Doutores
AC,Acre,Instituto Federal do Acre,Cruzeiro do Sul,0.664,"78,507",1.9,"10,517.29","8,177","1,098","5,109","19,985",,6,,"4,5",0,83,3,59.86,34.01,6.12
AC,Acre,Instituto Federal do Acre,Rio Branco,0.727,"336,038",3.3,"13,120.16","103,759","5,654","19,473","63,156",,7,,"4,5",0,83,3,59.86,34.01,6.12
AC,Acre,Instituto Federal do Acre,Sena Madureira,0.603,"38,029",2.2,"9,253.34","2,283",488,"1,788","8,409",,5,,"4,2",0,83,2,59.86,34.01,6.12
AC,Acre,Instituto Federal do Acre,Xapuri,0.599,"16,091",1.9,"12,270.21",731,139,657,"3,415",,5,,"3,9",0,83,3,59.86,34.01,6.12
AL,Alagoas,Instituto Federal de Alagoas,Arapiraca,0.649,"214,006",1.6,"10,058.91","35,098","3,975","10,877","36,387",,3,,"2,8",20,406,3,43.95,46.76,9.29
AL,Alagoas,Instituto Federal de Alagoas,Maceió,0.721,"932,748",2.7,"14,572.42","277,092","16,694","37,238","141,698",,6,,"2,6",20,406,3,43.95,46.76,9.29
AL,Alagoas,Instituto Federal de Alagoas,Maragogi,0.574,"28,749",1.7,"5,026.66","3,513",386,"1,034","6,005",,3,,"2,0",20,406,3,43.95,46.76,9.29
AL,Alagoas,Instituto Federal de Alagoas,Marechal Deodoro,0.642,"45,977",3,"19,514.37","9,236",598,"2,035","9,144",,2,,"2,0",20,406,3,43.95,46.76,9.29
AL,Alagoas,Instituto Federal de Alagoas,Murici,0.527,"26,710",1.5,"5,100.19","2,615",263,"1,220","6,194",,2,,"3,2",20,406,3,43.95,46.76,9.29
AL,Alagoas,Instituto Federal de Alagoas,Palmeira dos Índios,0.638,"70,368",1.7,"6,597.51","7,853","1,144","4,858","13,173",,5,,"2,6",20,406,4,43.95,46.76,9.29
AL,Alagoas,Instituto Federal de Alagoas,Penedo,0.630,"60,378",1.9,"6,535.06","8,586",748,"3,340","11,080",,3,,"3,1",20,406,4,43.95,46.76,9.29
AL,Alagoas,Instituto Federal de Alagoas,Piranhas,0.589,"23,045",1.8,"3,790.58","1,802",215,"1,249","5,490",,2,,"2,5",20,406,4,43.95,46.76,9.29
AL,Alagoas,Instituto Federal de Alagoas,Santana do Ipanema,0.591,"44,932",1.8,"5,270.10","4,056",480,"2,567","9,846",,2,,"2,6",20,406,2,43.95,46.76,9.29
AL,Alagoas,Instituto Federal de Alagoas,São Miguel dos Campos,0.623,"54,577",2.4,"15,576.72","14,871",637,"2,938","11,166",,1,,-,20,406,3,43.95,46.76,9.29
AL,Alagoas,Instituto Federal de Alagoas,Satuba,0.660,"14,603",2.1,"5,863.99","1,573",172,898,"2,523",,3,,"2,4",20,406,3,43.95,46.76,9.29
AP,Amapá,Instituto Federal do Amapá,Laranjal do Jari,0.665,"39,942",2,"9,862.99","3,113",399,"2,259","9,398",,5,,"3,5",0,97,2,73.42,24.68,1.90
AP,Amapá,Instituto Federal do Amapá,Macapá,0.733,"398,204",3.6,"13,821.85","98,234","6,020","24,285","78,924",,7,,"3,4",0,97,3,73.42,24.68,1.90
AM,Amazonas,Instituto Federal do Amazonas,Coari,0.586,"75,965",8.6,"29,371.69","2,693",527,"3,779","18,496",,6,,"3,7",17,77,2,53.45,38.23,8.32
AM,Amazonas,Instituto Federal do Amazonas,Lábrea,0.531,"37,701",1.6,"7,184.03","1,574",129,"1,719","9,158",,5,,"3,5",17,77,3,53.45,38.23,8.32
AM,Amazonas,Instituto Federal do Amazonas,Manaus,0.737,"1,802,014",3.1,"27,845.71","559,731","24,299","97,791","360,754",,11,,"3,9",17,77,3,53.45,38.23,8.32
AM,Amazonas,Instituto Federal do Amazonas,Manaus,0.737,"1,802,014",3.1,"27,845.71","559,731","24,299","97,791","360,754",,11,,"3,9",17,77,3,53.45,38.23,8.32
AM,Amazonas,Instituto Federal do Amazonas,Manaus,0.737,"1,802,014",3.1,"27,845.71","559,731","24,299","97,791","360,754",,11,,"3,9",17,77,3,53.45,38.23,8.32
AM,Amazonas,Instituto Federal do Amazonas,Maués,0.588,"52,236",1.8,"6,629.56","3,256",487,"2,516","13,915",,6,,"4,0",17,77,3,53.45,38.23,8.32
AM,Amazonas,Instituto Federal do Amazonas,Parintins,0.658,"102,033",1.8,"6,487.42","6,799",792,"7,769","22,019",,6,,"4,4",17,77,3,53.45,38.23,8.32
AM,Amazonas,Instituto Federal do Amazonas,Presidente Figueiredo,0.647,"27,175",2.9,"15,922.01","4,609",246,"1,482","6,353",,6,,"4,7",17,77,2,53.45,38.23,8.32
AM,Amazonas,Instituto Federal do Amazonas,São Gabriel da Cachoeira,0.609,"37,896",1.8,"4,994.98","2,866",278,"2,380","11,564",,6,,"4,3",17,77,4,53.45,38.23,8.32
AM,Amazonas,Instituto Federal do Amazonas,Tabatinga,0.616,"52,272",1.7,"4,935.53","2,657",325,"2,919","13,174",,5,,"3,8",17,77,2,53.45,38.23,8.32
BA,Bahia,Instituto Federal da Bahia,Barreiras,0.721,"137,427",2,"15,315.63","28,275","3,693","6,707","21,271",,6,,"3,3",46,419,3,41.59,46.27,12.13
BA,Bahia,Instituto Federal Baiano,Bom Jesus da Lapa,0.633,"63,480",1.8,"7,187.55","7,562","1,408","2,634","12,193",,2,,"3,8",4,527,2,20.53,59.67,19.81
BA,Bahia,Instituto Federal da Bahia,Camaçari,0.694,"242,970",4.2,"49,412.60","85,600","5,132","12,230","37,295",,3,,-,46,419,4,41.59,46.27,12.13
BA,Bahia,Instituto Federal Baiano,Catu,0.677,"51,077",3.9,"8,236.02","8,172",799,"2,038","7,727",,9,,"2,6",4,527,3,20.53,59.67,19.81
BA,Bahia,Instituto Federal da Bahia,Eunápolis,0.677,"100,196",2.3,"13,640.53","20,504","2,460","4,119","18,183",,4,,"3,8",46,419,2,41.59,46.27,12.13
BA,Bahia,Instituto Federal da Bahia,Feira de Santana,0.712,"556,642",1.9,"14,704.55","136,107","15,250","21,105","83,202",,4,,"3,4",46,419,3,41.59,46.27,12.13
BA,Bahia,Instituto Federal Baiano,Governador Mangabeira,0.643,"19,818",1.5,"5,742.64","2,631",234,862,"3,355",,4,,"2,7",4,527,3,20.53,59.67,19.81
BA,Bahia,Instituto Federal Baiano,Guanambi,0.673,"78,833",1.7,"8,350.99","12,473","2,536","3,658","11,681",,7,,"2,8",4,527,3,20.53,59.67,19.81
BA,Bahia,Instituto Federal da Bahia,Ilhéus,0.690,"184,236",2.8,"12,462.47","34,526","3,868","7,293","28,910",,4,,"3,1",46,419,4,41.59,46.27,12.13
BA,Bahia,Instituto Federal da Bahia,Irecê,0.691,"66,181",2.5,"8,504.19","14,288","1,885","3,989","11,203",,4,,"3,8",46,419,3,41.59,46.27,12.13
BA,Bahia,Instituto Federal da Bahia,Jacobina,0.649,"79,247",2,"8,917.96","11,237","1,620","3,360","12,732",,5,,"3,7",46,419,2,41.59,46.27,12.13
BA,Bahia,Instituto Federal da Bahia,Jequié,0.665,"151,895",1.8,"12,114.90","26,595","3,175","6,110","23,708",,3,,"3,1",46,419,3,41.59,46.27,12.13
BA,Bahia,Instituto Federal da Bahia,Paulo Afonso,0.674,"108,396",2.4,"20,926.60","15,760","1,727","4,652","17,084",,7,,"3,4",46,419,3,41.59,46.27,12.13
BA,Bahia,Instituto Federal da Bahia,Porto Seguro,0.676,"126,929",1.7,"8,233.99","29,082","3,875","6,146","24,832",,4,,"4,4",46,419,3,41.59,46.27,12.13
BA,Bahia,Instituto Federal da Bahia,Salvador,0.759,"2,675,656",3.4,"14,411.73","927,774","58,673","107,050","304,047",,6,,"2,9",46,419,3,41.59,46.27,12.13
BA,Bahia,Instituto Federal Baiano,Santa Inês,0.674,"77,282",1.5,"6,503.29","9,443","1,588","5,189","17,211",,9,,"2,9",4,527,3,20.53,59.67,19.81
BA,Bahia,Instituto Federal da Bahia,Santo Amaro,0.646,"57,800",1.8,"7,352.77","6,647",794,"2,914","9,099",,4,,"2,6",46,419,3,41.59,46.27,12.13
BA,Bahia,Instituto Federal da Bahia,Seabra,0.635,"41,798",1.9,"6,522.81","3,932",861,"1,998","8,055",,3,,"3,3",46,419,2,41.59,46.27,12.13
BA,Bahia,Instituto Federal Baiano,Senhor do Bonfim,0.666,"74,419",1.7,"7,178.81","9,689","1,616","4,753","12,620",,8,,"2,9",4,527,2,20.53,59.67,19.81
BA,Bahia,Instituto Federal da Bahia,Simões Filho,0.675,"118,047",2.5,"32,929.73","39,928","2,692","5,353","19,057",,3,,"3,0",46,419,3,41.59,46.27,12.13
BA,Bahia,Instituto Federal da Bahia,Valença,0.623,"88,673",1.7,"7,724.00","12,173","1,564","3,540","16,159",,7,,"2,3",46,419,2,41.59,46.27,12.13
BA,Bahia,Instituto Federal da Bahia,Vitória da Conquista,0.678,"306,866",1.9,"12,370.65","72,386","8,556","12,925","50,642",,5,,"3,3",46,419,4,41.59,46.27,12.13
CE,Ceará,Instituto Federal do Ceará,Acaraú,0.601,"57,551",1.8,"6,422.97","3,613",478,"2,672","10,610",,3,,"4,4",68,665,3,41.28,44.43,14.29
CE,Ceará,Instituto Federal do Ceará,Aracati,0.655,"69,159",1.6,"9,422.95","9,896","1,203","3,705","10,333",,4,,-,68,665,2,41.28,44.43,14.29
CE,Ceará,Instituto Federal do Ceará,Baturité,0.619,"33,321",1.7,"5,610.78","3,129",613,"1,500","5,922",,1,,"3,9",68,665,2,41.28,44.43,14.29
CE,Ceará,Instituto Federal do Ceará,Camocim,0.620,"60,158",1.1,"6,535.91","4,551",865,"3,462","11,144",,1,,-,68,665,2,41.28,44.43,14.29
CE,Ceará,Instituto Federal do Ceará,Canindé,0.612,"74,473",1.9,"5,501.19","5,849",936,"3,418","13,627",,2,,"4,3",68,665,3,41.28,44.43,14.29
CE,Ceará,Instituto Federal do Ceará,Caucaia,0.682,"325,441",1.9,"9,791.00","30,206","3,473","14,313","52,831",,1,,"3,3",68,665,2,41.28,44.43,14.29
CE,Ceará,Instituto Federal do Ceará,Cedro,0.627,"24,527",1.4,"4,809.18","2,063",334,"1,250","4,140",,2,,-,68,665,3,41.28,44.43,14.29
CE,Ceará,Instituto Federal do Ceará,Crateús,0.644,"72,812",1.8,"5,890.43","6,200","1,278","3,363","11,762",,3,,"4,4",68,665,3,41.28,44.43,14.29
CE,Ceará,Instituto Federal do Ceará,Crato,0.713,"121,428",1.7,"8,329.39","19,174","2,386","6,602","19,821",,2,,"3,9",68,665,5,41.28,44.43,14.29
CE,Ceará,Instituto Federal do Ceará,Fortaleza,0.754,"2,452,185",2.7,"16,962.89","873,746","64,674","111,887","342,920",,6,,"3,9",68,665,5,41.28,44.43,14.29
CE,Ceará,Instituto Federal do Ceará,Iguatu,0.677,"96,495",1.5,"9,030.55","14,166","1,942","4,017","13,738",,6,,"3,7",68,665,4,41.28,44.43,14.29
CE,Ceará,Instituto Federal do Ceará,Jaguaribe,0.621,"34,409",1.7,"7,744.06","3,338",763,"1,387","5,960",,1,,"3,6",68,665,3,41.28,44.43,14.29
CE,Ceará,Instituto Federal do Ceará,Juazeiro do Norte,0.694,"249,939",1.6,"8,897.47","48,824","5,622","11,673","40,274",,2,,"4,2",68,665,3,41.28,44.43,14.29
CE,Ceará,Instituto Federal do Ceará,Limoeiro do Norte,0.682,"56,264",1.7,"7,449.25","7,196","1,208","2,378","8,431",,4,,"4,1",68,665,4,41.28,44.43,14.29
CE,Ceará,Instituto Federal do Ceará,Maracanaú,0.686,"209,057",2,"22,709.76","54,904","3,554","12,006","38,088",,3,,"3,1",68,665,3,41.28,44.43,14.29
CE,Ceará,Instituto Federal do Ceará,Morada Nova,0.610,"62,065",1.7,"7,237.14","5,935",616,"2,586","10,243",,2,,"4,1",68,665,3,41.28,44.43,14.29
CE,Ceará,Instituto Federal do Ceará,Quixadá,0.659,"80,604",1.6,"7,400.62","8,387","1,378","4,473","12,841",,5,,"4,3",68,665,2,41.28,44.43,14.29
CE,Ceará,Instituto Federal do Ceará,Sobral,0.714,"188,233",1.8,"12,774.81","47,624","3,282","12,584","32,348",,4,,"4,2",68,665,4,41.28,44.43,14.29
CE,Ceará,Instituto Federal do Ceará,Tabuleiro do Norte,0.645,"29,204",1.7,"6,167.17","2,525",444,"1,227","4,397",,2,,"4,5",68,665,2,41.28,44.43,14.29
CE,Ceará,Instituto Federal do Ceará,Tauá,0.633,"55,716",1.6,"5,791.00","4,454","1,312","2,461","9,665",,1,,-,68,665,2,41.28,44.43,14.29
CE,Ceará,Instituto Federal do Ceará,Tianguá,0.657,"68,892",1.6,"7,462.08","6,887","1,607","3,452","12,825",,2,,-,68,665,2,41.28,44.43,14.29
CE,Ceará,Instituto Federal do Ceará,Ubajara,0.648,"31,787",1.6,"6,951.48","3,066",434,"1,621","5,819",,1,,"3,6",68,665,3,41.28,44.43,14.29
CE,Ceará,Instituto Federal do Ceará,Umirim,0.587,"18,802",1.9,"4,709.35","1,180",108,816,"3,208",,2,,"3,7",68,665,3,41.28,44.43,14.29
DF,Distrito Federal,Instituto Federal de Brasília,Brasília,0.824,"2,570,160",5.8,"63,020.02","1,283,521","93,421","111,774","409,586",,10,,"3,8",9,51,3,46.99,42.41,10.60
DF,Distrito Federal,Instituto Federal de Brasília,Brasília,0.824,"2,570,160",5.8,"63,020.02","1,283,521","93,421","111,774","409,586",,10,,"3,8",9,51,3,46.99,42.41,10.60
DF,Distrito Federal,Instituto Federal de Brasília,Brasília,0.824,"2,570,160",5.8,"63,020.02","1,283,521","93,421","111,774","409,586",,10,,"3,8",9,51,5,46.99,42.41,10.60
DF,Distrito Federal,Instituto Federal de Brasília,Brasília,0.824,"2,570,160",5.8,"63,020.02","1,283,521","93,421","111,774","409,586",,10,,"3,8",9,51,2,46.99,42.41,10.60
DF,Distrito Federal,Instituto Federal de Brasília,Brasília,0.824,"2,570,160",5.8,"63,020.02","1,283,521","93,421","111,774","409,586",,10,,"3,8",9,51,3,46.99,42.41,10.60
DF,Distrito Federal,Instituto Federal de Brasília,Brasília,0.824,"2,570,160",5.8,"63,020.02","1,283,521","93,421","111,774","409,586",,10,,"3,8",9,51,3,46.99,42.41,10.60
DF,Distrito Federal,Instituto Federal de Brasília,Brasília,0.824,"2,570,160",5.8,"63,020.02","1,283,521","93,421","111,774","409,586",,10,,"3,8",9,51,3,46.99,42.41,10.60
DF,Distrito Federal,Instituto Federal de Brasília,Brasília,0.824,"2,570,160",5.8,"63,020.02","1,283,521","93,421","111,774","409,586",,10,,"3,8",9,51,4,46.99,42.41,10.60
DF,Distrito Federal,Instituto Federal de Brasília,Brasília,0.824,"2,570,160",5.8,"63,020.02","1,283,521","93,421","111,774","409,586",,10,,"3,8",9,51,3,46.99,42.41,10.60
ES,Espírito Santo,Instituto Federal do Espirito Santo,Alegre,0.721,"30,768",1.7,"8,540.99","4,046",859,"1,473","4,140",,3,,"4,4",52,480,3,35.61,43.00,21.38
ES,Espírito Santo,Instituto Federal do Espirito Santo,Aracruz,0.752,"81,832",3.4,"41,018.50","28,894","2,233","4,404","13,647",,1,,"3,7",52,480,3,35.61,43.00,21.38
ES,Espírito Santo,Instituto Federal do Espirito Santo,Cachoeiro de Itapemirim,0.746,"189,889",2,"15,445.84","57,982","6,249","7,814","26,184",,3,,"4,0",52,480,2,35.61,43.00,21.38
ES,Espírito Santo,Instituto Federal do Espirito Santo,Cariacica,0.718,"348,738",2.1,"17,455.44","65,168","6,913","12,733","56,179",,3,,"3,7",52,480,2,35.61,43.00,21.38
ES,Espírito Santo,Instituto Federal do Espirito Santo,Colatina,0.746,"111,788",2,"18,686.16","38,382","4,486","4,993","14,891",,6,,"4,9",52,480,3,35.61,43.00,21.38
ES,Espírito Santo,Instituto Federal do Espirito Santo,Colatina,0.746,"111,788",2,"18,686.16","38,382","4,486","4,993","14,891",,6,,"4,9",52,480,3,35.61,43.00,21.38
ES,Espírito Santo,Instituto Federal do Espirito Santo,Guarapari,0.731,"105,286",1.8,"10,658.81","27,132","4,350","3,636","17,718",,2,,"5,0",52,480,4,35.61,43.00,21.38
ES,Espírito Santo,Instituto Federal do Espirito Santo,Ibatiba,0.647,"22,366",1.9,"9,593.88","2,599",544,619,"3,548",,2,,"4,7",52,480,2,35.61,43.00,21.38
ES,Espírito Santo,Instituto Federal do Espirito Santo,Linhares,0.724,"141,306",2.2,"25,249.13","44,207","3,870","5,098","23,150",,2,,"4,1",52,480,3,35.61,43.00,21.38
ES,Espírito Santo,Instituto Federal do Espirito Santo,Nova Venécia,0.712,"46,031",2,"13,170.37","9,041","1,245","2,307","6,622",,2,,"3,6",52,480,4,35.61,43.00,21.38
ES,Espírito Santo,Instituto Federal do Espirito Santo,Piúma,0.727,"18,123",1.9,"16,592.50","2,841",538,764,"2,902",,2,,"4,9",52,480,2,35.61,43.00,21.38
ES,Espírito Santo,Instituto Federal do Espirito Santo,Santa Maria de Jetibá,0.671,"34,176",2,"19,165.24","5,130",899,"1,190","5,229",,-,,"3,9",52,480,3,35.61,43.00,21.38
ES,Espírito Santo,Instituto Federal do Espirito Santo,Santa Teresa,0.714,"21,823",2.1,"11,889.05","4,733",716,"1,152","3,172",,3,,"4,2",52,480,2,35.61,43.00,21.38
ES,Espírito Santo,Instituto Federal do Espirito Santo,São Mateus,0.735,"109,028",2.6,"11,061.87","22,548","2,425","4,558","18,609",,1,,"4,0",52,480,3,35.61,43.00,21.38
ES,Espírito Santo,Instituto Federal do Espirito Santo,Serra,0.739,"409,267",2.8,"32,996.15","143,709","10,811","14,654","67,010",,2,,"3,6",52,480,4,35.61,43.00,21.38
ES,Espírito Santo,Instituto Federal do Espirito Santo,Venda Nova do Imigrante,0.728,"20,447",1.9,"14,962.97","6,089",773,"1,122","3,237",,2,,"5,2",52,480,3,35.61,43.00,21.38
ES,Espírito Santo,Instituto Federal do Espirito Santo,Vila Velha,0.800,"414,586",2.2,"17,244.79","128,939","14,086","14,453","56,413",,2,,"3,7",52,480,4,35.61,43.00,21.38
ES,Espírito Santo,Instituto Federal do Espirito Santo,Vitória,0.845,"327,801",4.1,"85,794.33","261,767","18,824","16,465","41,903",,3,,"2,9",52,480,3,35.61,43.00,21.38
GO,Goiás,Instituto Federal de Goiás,Anápolis,0.737,"334,613",2.4,"35,798.94","100,356","9,209","15,716","49,204",,5,,"4,9",5,375,4,26.95,58.44,14.61
GO,Goiás,Instituto Federal de Goiás,Aparecida de Goiânia,0.718,"455,657",2,"13,538.58","124,302","8,760","21,155","69,522",,5,,"4,1",5,375,2,26.95,58.44,14.61
GO,Goiás,Instituto Federal Goiano,Ceres,0.775,"20,722",2.1,"11,760.44","5,233",805,"1,716","3,111",,5,,"5,0",22,335,2,29.55,45.86,24.59
GO,Goiás,Instituto Federal de Goiás,Formosa,0.744,"100,085",2,"10,393.25","16,528","2,530","5,052","17,219",,4,,"4,3",5,375,2,26.95,58.44,14.61
GO,Goiás,Instituto Federal de Goiás,Goiânia,0.799,"1,302,001",3.2,"20,990.21","680,421","56,917","62,813","172,744",,8,,"4,7",5,375,3,26.95,58.44,14.61
GO,Goiás,Instituto Federal de Goiás,Goiânia,0.799,"1,302,001",3.2,"20,990.21","680,421","56,917","62,813","172,744",,8,,"4,7",5,375,3,26.95,58.44,14.61
GO,Goiás,Instituto Federal de Goiás,Goiás,0.709,"24,727",3.5,"10,052.21","4,494",737,920,"3,268",,5,,"4,7",5,375,3,26.95,58.44,14.61
GO,Goiás,Instituto Federal de Goiás,Inhumas,0.720,"48,246",1.7,"11,254.24","10,935","1,414","2,195","6,530",,5,,"5,2",5,375,3,26.95,58.44,14.61
GO,Goiás,Instituto Federal Goiano,Iporá,0.743,"31,274",2.1,"9,338.93","4,728","1,014","1,362","3,910",,5,,"5,1",22,335,3,29.55,45.86,24.59
GO,Goiás,Instituto Federal de Goiás,Itumbiara,0.752,"92,883",2.3,"27,472.92","28,950","3,537","3,621","12,419",,3,,"5,2",5,375,4,26.95,58.44,14.61
GO,Goiás,Instituto Federal de Goiás,Jataí,0.757,"88,006",2.3,"27,159.98","19,156","2,633","4,021","13,748",,5,,"5,0",5,375,3,26.95,58.44,14.61
GO,Goiás,Instituto Federal de Goiás,Luziânia,0.701,"174,531",2.1,"11,927.38","24,808","3,261","8,510","33,491",,4,,"4,3",5,375,3,26.95,58.44,14.61
GO,Goiás,Instituto Federal Goiano,Morrinhos,0.588,"20,700",1.5,"4,293.04",917,232,"1,174","3,606",,5,,"4,3",22,335,2,29.55,45.86,24.59
GO,Goiás,Instituto Federal Goiano,Rio Verde,0.754,"176,424",2.4,"30,527.15","54,571","5,084","7,174","24,411",,7,,"5,0",22,335,3,29.55,45.86,24.59
GO,Goiás,Instituto Federal de Goiás,Uruaçu,0.737,"36,929",1.9,"11,855.59","6,057","1,067","1,733","5,687",,6,,"4,8",5,375,3,26.95,58.44,14.61
GO,Goiás,Instituto Federal Goiano,Urutaí,0.732,"3,074",4,"16,346.91",612,58,525,387,,5,,"4,8",22,335,3,29.55,45.86,24.59
MA,Maranhão,Instituto Federal do Maranhão,Açailândia,0.672,"104,047",1.9,"15,816.06","19,975","1,370","5,566","20,256",,5,,"4,2",17,341,2,46.69,37.05,16.27
MA,Maranhão,Instituto Federal do Maranhão,Alcântara,0.573,"21,851",3.1,"4,227.81","2,000",151,633,"3,895",,3,,"4,1",17,341,3,46.69,37.05,16.27
MA,Maranhão,Instituto Federal do Maranhão,Bacabal,0.651,"100,014",1.7,"5,944.76","8,741","1,558","5,139","18,523",,4,,"4,8",17,341,3,46.69,37.05,16.27
MA,Maranhão,Instituto Federal do Maranhão,Barra do Corda,0.606,"82,830",1.7,"6,772.54","4,463",906,"4,285","19,040",,6,,"3,6",17,341,2,46.69,37.05,16.27
MA,Maranhão,Instituto Federal do Maranhão,Barreirinhas,0.570,"54,930",1.9,"4,026.79","2,457",493,"2,958","13,774",,4,,"4,6",17,341,2,46.69,37.05,16.27
MA,Maranhão,Instituto Federal do Maranhão,Buriticupu,0.556,"65,237",1.7,"3,863.20","3,236",577,"2,961","14,344",,6,,"4,9",17,341,3,46.69,37.05,16.27
MA,Maranhão,Instituto Federal do Maranhão,Caxias,0.624,"155,129",1.6,"5,242.94","15,740","1,723","7,473","29,385",,5,,"3,9",17,341,3,46.69,37.05,16.27
MA,Maranhão,Instituto Federal do Maranhão,Codó,0.595,"118,038",1.8,"5,333.42","9,335",987,"4,792","23,633",,5,,"3,4",17,341,4,46.69,37.05,16.27
MA,Maranhão,Instituto Federal do Maranhão,Imperatriz,0.731,"247,505",1.9,"9,872.68","62,159","5,761","13,569","42,583",,7,,"3,9",17,341,4,46.69,37.05,16.27
MA,Maranhão,Instituto Federal do Maranhão,Pinheiro,0.637,"78,162",1.8,"4,616.60","4,822",763,"4,975","15,324",,6,,"4,1",17,341,2,46.69,37.05,16.27
MA,Maranhão,Instituto Federal do Maranhão,Santa Inês,0.674,"77,282",1.5,"6,503.29","9,443","1,588","5,189","17,211",,9,,"3,9",17,341,2,46.69,37.05,16.27
MA,Maranhão,Instituto Federal do Maranhão,São João dos Patos,0.615,"24,928",1.7,"4,446.81","1,902",402,"1,089","4,380",,5,,"3,7",17,341,2,46.69,37.05,16.27
MA,Maranhão,Instituto Federal do Maranhão,São Luís,0.768,"1,014,837",3.1,"20,242.74","383,734","20,073","57,127","156,879",,10,,"3,9",17,341,3,46.69,37.05,16.27
MA,Maranhão,Instituto Federal do Maranhão,São Luís,0.768,"1,014,837",3.1,"20,242.74","383,734","20,073","57,127","156,879",,10,,"3,9",17,341,3,46.69,37.05,16.27
MA,Maranhão,Instituto Federal do Maranhão,São Luís,0.768,"1,014,837",3.1,"20,242.74","383,734","20,073","57,127","156,879",,10,,"3,9",17,341,3,46.69,37.05,16.27
MA,Maranhão,Instituto Federal do Maranhão,São Raimundo das Mangabeiras,0.610,"17,474",1.9,"23,602.27","2,776",302,"1,018","3,728",,3,,"4,0",17,341,2,46.69,37.05,16.27
MA,Maranhão,Instituto Federal do Maranhão,Timon,0.649,"155,460",1.9,"5,501.99","13,054","1,557","5,322","28,525",,3,,"3,5",17,341,2,46.69,37.05,16.27
MA,Maranhão,Instituto Federal do Maranhão,Zé Doca,0.595,"50,173",1.8,"4,527.17","2,759",624,"3,487","9,183",,6,,"4,0",17,341,3,46.69,37.05,16.27
MT,Mato Grosso,Instituto Federal do Mato Grosso,Barra do Garças,0.748,"56,560",2,"17,095.67","14,175","1,636","3,629","8,787",,5,,"4,3",21,130,3,46.05,41.60,12.35
MT,Mato Grosso,Instituto Federal do Mato Grosso,Cáceres,0.708,"87,942",2.9,"11,389.81","13,540","1,692","4,296","14,587",,4,,"4,1",21,130,3,46.05,41.60,12.35
MT,Mato Grosso,Instituto Federal do Mato Grosso,Campo Novo do Parecis,0.734,"27,577",2.7,"53,411.91","8,515","1,160","1,385","4,829",,3,,"3,9",21,130,3,46.05,41.60,12.35
MT,Mato Grosso,Instituto Federal do Mato Grosso,Confresa,0.668,"25,124",2,"10,686.27","2,516",379,"1,293","4,687",,3,,"4,3",21,130,3,46.05,41.60,12.35
MT,Mato Grosso,Instituto Federal do Mato Grosso,Cuiabá,0.785,"551,098",3.6,"22,301.79","260,384","20,047","27,926","77,656",,8,,"4,1",21,130,3,46.05,41.60,12.35
MT,Mato Grosso,Instituto Federal do Mato Grosso,Cuiabá,0.785,"551,098",3.6,"22,301.79","260,384","20,047","27,926","77,656",,8,,"4,1",21,130,3,46.05,41.60,12.35
MT,Mato Grosso,Instituto Federal do Mato Grosso,Juína,0.716,"39,255",1.9,"15,257.81","7,504",831,"2,258","6,309",,5,,"4,4",21,130,2,46.05,41.60,12.35
MT,Mato Grosso,Instituto Federal do Mato Grosso,Pontes e Lacerda,0.703,"41,408",2.5,"14,339.11","10,016",954,"2,040","6,592",,6,,"4,4",21,130,2,46.05,41.60,12.35
MT,Mato Grosso,Instituto Federal do Mato Grosso,Rondonópolis,0.755,"195,476",2.3,"29,008.58","55,774","6,376","10,331","28,642",,5,,"4,5",21,130,2,46.05,41.60,12.35
MT,Mato Grosso,Instituto Federal do Mato Grosso,Santo Antônio do Leverger,0.656,"18,463",1.9,"12,708.40","2,395",228,"1,147","3,056",,4,,"3,8",21,130,3,46.05,41.60,12.35
MT,Mato Grosso,Instituto Federal do Mato Grosso,Sorriso,0.744,"66,521",2.3,"42,597.95","21,348","2,764","3,557","11,384",,4,,"4,1",21,130,3,46.05,41.60,12.35
MS,Mato Grosso do Sul,Instituto Federal do Mato Grosso do Sul,Aquidauana,0.688,"45,614",1.9,"11,560.20","5,501",937,"1,956","8,354",,5,,"3,9",0,31,3,51.78,41.11,7.11
MS,Mato Grosso do Sul,Instituto Federal do Mato Grosso do Sul,Campo Grande,0.524,"9,032",1.5,"3,749.98",661,89,0,"2,507",,6,,"3,7",0,31,4,51.78,41.11,7.11
MS,Mato Grosso do Sul,Instituto Federal do Mato Grosso do Sul,Corumbá,0.700,"103,703",3,"34,536.99","17,548","1,570","4,099","19,647",,5,,"3,3",0,31,4,51.78,41.11,7.11
MS,Mato Grosso do Sul,Instituto Federal do Mato Grosso do Sul,Coxim,0.703,"32,159",2.1,"15,488.38","5,197",922,"1,024","5,175",,5,,"4,2",0,31,2,51.78,41.11,7.11
MS,Mato Grosso do Sul,Instituto Federal do Mato Grosso do Sul,Nova Andradina,0.721,"45,585",1.9,"21,051.44","10,955","1,354","1,734","7,063",,4,,"5,2",0,31,3,51.78,41.11,7.11
MS,Mato Grosso do Sul,Instituto Federal do Mato Grosso do Sul,Ponta Porã,0.701,"77,872",2.1,"14,860.18","11,945","1,506","3,808","18,283",,5,,"3,7",0,31,3,51.78,41.11,7.11
MS,Mato Grosso do Sul,Instituto Federal do Mato Grosso do Sul,Três Lagoas,0.744,"101,791",2.8,"30,122.10","37,293","3,070","3,741","16,509",,6,,"3,6",0,31,2,51.78,41.11,7.11
MG,Minas Gerais,Instituto Federal Norte de Minas Gerais,Almenara,0.642,"38,775",1.6,"6,915.64","5,412",825,"1,644","6,410",,6,,"4,1",5,258,2,62.08,28.51,9.41
MG,Minas Gerais,Instituto Federal Norte de Minas Gerais,Araçuaí,0.663,"36,013",1.5,"6,193.85","3,852",797,"1,811","5,946",,6,,"4,4",5,258,2,62.08,28.51,9.41
MG,Minas Gerais,Instituto Federal Norte de Minas Gerais,Arinos,0.656,"17,674",1.7,"8,168.84","1,581",279,"1,061","3,158",,6,,"4,0",5,258,2,62.08,28.51,9.41
MG,Minas Gerais,Instituto Federal de Minas Gerais,Bambuí,0.741,"22,734",2.1,"16,542.79","3,938",641,"1,218","2,568",,7,,"4,7",16,258,3,17.97,60.78,21.25
MG,Minas Gerais,Instituto Federal do Sudeste de Minas Gerais,Barbacena,0.769,"126,284",2.2,"12,461.39","29,724","3,104","6,517","15,941",,8,,"5,1",13,142,2,49.89,35.62,14.49
MG,Minas Gerais,Instituto Federal de Minas Gerais,Belo Horizonte,0.810,"2,375,151",3.5,"23,053.07","1,590,502","110,724","102,639","309,018",,7,,"4,3",16,258,4,17.97,60.78,21.25
MG,Minas Gerais,Instituto Federal de Minas Gerais,Belo Horizonte,0.810,"2,375,151",3.5,"23,053.07","1,590,502","110,724","102,639","309,018",,7,,"4,3",16,258,4,17.97,60.78,21.25
MG,Minas Gerais,Instituto Federal de Minas Gerais,Belo Horizonte,0.810,"2,375,151",3.5,"23,053.07","1,590,502","110,724","102,639","309,018",,7,,"4,3",16,258,4,17.97,60.78,21.25
MG,Minas Gerais,Instituto Federal de Minas Gerais,Betim,0.749,"378,089",3.8,"73,220.40","131,244","7,331","19,639","57,896",,1,,"4,0",16,258,4,17.97,60.78,21.25
MG,Minas Gerais,Instituto Federal de Minas Gerais,Congonhas,0.753,"48,519",3,"51,822.15","16,284","1,295","2,693","6,954",,4,,"4,8",16,258,3,17.97,60.78,21.25
MG,Minas Gerais,Instituto Federal de Minas Gerais,Contagem,0.756,"603,442",2.6,"31,069.26","232,341","17,457","23,636","79,954",,3,,"4,4",16,258,3,17.97,60.78,21.25
MG,Minas Gerais,Instituto Federal de Minas Gerais,Curvelo,0.713,"74,219",1.7,"11,434.54","16,846","2,248","3,624","10,944",,3,,"4,8",16,258,2,17.97,60.78,21.25
MG,Minas Gerais,Instituto Federal de Minas Gerais,Formiga,0.755,"65,128",1.8,"13,723.95","19,215","2,215","2,915","7,905",,3,,"5,5",16,258,3,17.97,60.78,21.25
MG,Minas Gerais,Instituto Federal de Minas Gerais,Governador Valadares,0.727,"263,689",2,"13,212.23","66,912","7,553","11,780","40,084",,1,,"4,7",16,258,2,17.97,60.78,21.25
MG,Minas Gerais,Instituto Federal do Sul de Minas Gerais,Inconfidentes,0.692,"6,908",1.5,"8,835.63","1,274",240,750,739,,8,,"5,2",14,165,3,28.47,46.35,25.18
MG,Minas Gerais,Instituto Federal do Triângulo Mineiro,Ituiutaba,0.739,"97,171",2.1,"21,321.34","23,376","2,971","4,056","11,640",,9,,"4,9",17,323,3,40.63,39.90,19.47
MG,Minas Gerais,Instituto Federal Norte de Minas Gerais,Januária,0.658,"65,463",1.7,"5,833.11","6,551","1,339","3,946","11,930",,6,,"4,1",5,258,3,62.08,28.51,9.41
MG,Minas Gerais,Instituto Federal do Sudeste de Minas Gerais,Juiz de Fora,0.778,"516,247",2.4,"17,955.17","177,493","21,279","20,584","64,749",,8,,"4,4",13,142,3,49.89,35.62,14.49
MG,Minas Gerais,Instituto Federal do Sul de Minas Gerais,Machado,0.715,"38,688",1.8,"22,799.01","9,183","1,504","1,818","5,410",,7,,"4,6",14,165,3,28.47,46.35,25.18
MG,Minas Gerais,Instituto Federal Norte de Minas Gerais,Montes Claros,0.770,"361,915",2.1,"13,276.36","93,593","10,859","18,023","51,663",,6,,"4,6",5,258,3,62.08,28.51,9.41
MG,Minas Gerais,Instituto Federal do Sudeste de Minas Gerais,Muriaé,0.734,"100,765",1.8,"11,593.12","29,787","4,263","3,712","13,348",,5,,"5,3",13,142,3,49.89,35.62,14.49
MG,Minas Gerais,Instituto Federal do Sul de Minas Gerais,Muzambinho,0.740,"20,430",1.8,"14,382.19","3,619",751,"1,357","2,645",,8,,"5,6",14,165,4,28.47,46.35,25.18
MG,Minas Gerais,Instituto Federal de Minas Gerais,Ouro Branco,0.645,"4,699",1.5,"6,895.21",541,93,152,653,,3,,"3,8",16,258,3,17.97,60.78,21.25
MG,Minas Gerais,Instituto Federal de Minas Gerais,Ouro Preto,0.741,"70,281",3.1,"72,407.01","23,000","1,988","3,975","10,544",,8,,"4,4",16,258,4,17.97,60.78,21.25
MG,Minas Gerais,Instituto Federal do Triângulo Mineiro,Paracatu,0.744,"84,718",2.8,"23,960.47","19,859","2,289","4,339","13,751",,6,,"4,6",17,323,3,40.63,39.90,19.47
MG,Minas Gerais,Instituto Federal do Sul de Minas Gerais,Passos,0.756,"106,290",2,"14,907.06","28,448","3,370","4,528","13,415",,6,,"5,1",14,165,3,28.47,46.35,25.18
MG,Minas Gerais,Instituto Federal do Triângulo Mineiro,Patrocínio,0.729,"82,471",2,"21,074.49","20,278","2,631","3,710","11,789",,5,,"4,8",17,323,3,40.63,39.90,19.47
MG,Minas Gerais,Instituto Federal Norte de Minas Gerais,Pirapora,0.731,"53,368",2.1,"23,118.21","13,256","1,744","2,807","8,197",,7,,"4,4",5,258,2,62.08,28.51,9.41
MG,Minas Gerais,Instituto Federal do Sul de Minas Gerais,Poços de Caldas,0.779,"152,435",2.5,"26,948.13","55,865","6,079","6,211","19,190",,6,,"4,8",14,165,3,28.47,46.35,25.18
MG,Minas Gerais,Instituto Federal do Sul de Minas Gerais,Pouso Alegre,0.774,"130,615",2.4,"25,731.83","52,322","5,451","5,475","17,491",,8,,"4,9",14,165,4,28.47,46.35,25.18
MG,Minas Gerais,Instituto Federal de Minas Gerais,Ribeirão das Neves,0.684,"296,317",1.9,"7,242.03","27,286","3,128","12,480","47,996",,1,,"4,0",16,258,3,17.97,60.78,21.25
MG,Minas Gerais,Instituto Federal do Sudeste de Minas Gerais,Rio Pomba,0.714,"17,110",2.2,"9,984.79","3,586",676,"1,036","2,127",,6,,"4,0",13,142,4,49.89,35.62,14.49
MG,Minas Gerais,Instituto Federal de Minas Gerais,Sabará,0.731,"126,269",2.3,"11,634.17","18,236","1,886","5,002","17,657",,1,,"4,2",16,258,2,17.97,60.78,21.25
MG,Minas Gerais,Instituto Federal Norte de Minas Gerais,Salinas,0.679,"39,178",1.6,"7,689.90","6,557","1,279","2,302","5,873",,7,,"4,6",5,258,3,62.08,28.51,9.41
MG,Minas Gerais,Instituto Federal do Sudeste de Minas Gerais,Santos Dumont,0.741,"46,284",1.9,"11,628.94","7,815","1,154","2,089","5,958",,3,,"4,3",13,142,3,49.89,35.62,14.49
MG,Minas Gerais,Instituto Federal do Sudeste de Minas Gerais,São João del Rei,0.758,"84,469",2.2,"13,408.15","22,397","2,822","3,818","11,269",,3,,"4,9",13,142,4,49.89,35.62,14.49
MG,Minas Gerais,Instituto Federal de Minas Gerais,São João Evangelista,0.638,"15,553",1.6,"6,515.06","1,186",243,"1,243","2,676",,3,,"4,7",16,258,4,17.97,60.78,21.25
MG,Minas Gerais,Instituto Federal do Triângulo Mineiro,Uberaba,0.772,"295,988",2.5,"26,604.26","98,660","10,397","11,693","36,460",,9,,"4,8",17,323,4,40.63,39.90,19.47
MG,Minas Gerais,Instituto Federal do Triângulo Mineiro,Uberaba,0.772,"295,988",2.5,"26,604.26","98,660","10,397","11,693","36,460",,9,,"4,8",17,323,4,40.63,39.90,19.47
MG,Minas Gerais,Instituto Federal do Triângulo Mineiro,Uberaba,0.772,"295,988",2.5,"26,604.26","98,660","10,397","11,693","36,460",,9,,"4,8",17,323,4,40.63,39.90,19.47
MG,Minas Gerais,Instituto Federal do Triângulo Mineiro,Uberlândia,0.789,"604,013",2.7,"30,516.51","235,140","25,823","25,102","79,115",,6,,"5,0",17,323,3,40.63,39.90,19.47
MG,Minas Gerais,Instituto Federal do Triângulo Mineiro,Uberlândia,0.789,"604,013",2.7,"30,516.51","235,140","25,823","25,102","79,115",,6,,"5,0",17,323,3,40.63,39.90,19.47
PA,Pará,Instituto Federal do Pará,Abaetetuba,0.628,"141,100",1.5,"4,362.72","10,510","1,034","7,051","29,270",,5,,"3,2",14,475,3,,,
PA,Pará,Instituto Federal do Pará,Altamira,0.665,"99,075",3.4,"8,841.19","29,392","1,854","5,952","19,990",,5,,"3,0",14,475,4,,,
PA,Pará,Instituto Federal do Pará,Belém,0.746,"1,393,399",3.5,"14,027.06","447,378","19,334","68,364","197,751",,8,,"2,9",14,475,3,,,
PA,Pará,Instituto Federal do Pará,Belém,0.746,"1,393,399",3.5,"14,027.06","447,378","19,334","68,364","197,751",,8,,"2,9",14,475,3,,,
PA,Pará,Instituto Federal do Pará,Belém,0.746,"1,393,399",3.5,"14,027.06","447,378","19,334","68,364","197,751",,8,,"2,9",14,475,3,,,
PA,Pará,Instituto Federal do Pará,Bragança,0.600,"113,227",1.9,"4,474.03","7,035",794,"5,271","24,925",,4,,"2,7",14,475,3,,,
PA,Pará,Instituto Federal do Pará,Breves,0.503,"92,860",2.1,"3,822.02","7,701",747,"3,401","27,883",,4,,-,14,475,2,,,
PA,Pará,Instituto Federal do Pará,Castanhal,0.673,"173,149",1.7,"9,188.19","33,949","2,829","10,984","32,939",,4,,"3,2",14,475,3,,,
PA,Pará,Instituto Federal do Pará,Conceição do Araguaia,0.640,"45,557",2,"6,781.96","4,682",579,"2,662","8,876",,4,,"2,9",14,475,2,,,
PA,Pará,Instituto Federal do Pará,Itaituba,0.640,"97,493",2.2,"7,516.24","10,752","1,844","4,620","20,886",,4,,-,14,475,2,,,
PA,Pará,Instituto Federal do Pará,Marabá,0.668,"233,669",2.5,"15,678.02","46,789","3,679","13,840","46,860",,5,,"4,3",14,475,2,,,
PA,Pará,Instituto Federal do Pará,Marabá,0.668,"233,669",2.5,"15,678.02","46,789","3,679","13,840","46,860",,5,,"4,3",14,475,2,,,
PA,Pará,Instituto Federal do Pará,Santarém,0.691,"294,580",2,"7,404.94","43,404","4,344","19,900","62,978",,4,,"3,3",14,475,3,,,
PA,Pará,Instituto Federal do Pará,Tucuruí,0.666,"97,128",2.5,"26,005.74","14,164","1,074","4,053","20,808",,5,,"4,2",14,475,3,,,
PB,Paraíba,Instituto Federal da Paraiba,Bananeiras,0.568,"21,851",1.4,"5,237.86","1,481",218,"1,415","4,314",,2,,"3,1",29,195,3,42.45,43.24,14.31
PB,Paraíba,Instituto Federal da Paraiba,Cajazeiras,0.679,"58,446",1.6,"9,043.69","8,473","1,415","3,545","9,762",,5,,"2,8",29,195,4,42.45,43.24,14.31
PB,Paraíba,Instituto Federal da Paraiba,Cajazeiras,0.679,"58,446",1.6,"9,043.69","8,473","1,415","3,545","9,762",,5,,"2,8",29,195,4,42.45,43.24,14.31
PB,Paraíba,Instituto Federal da Paraiba,Campina Grande,0.720,"385,213",2.2,"13,774.91","102,021","8,301","15,615","58,971",,5,,"2,9",29,195,,42.45,43.24,14.31
PB,Paraíba,Instituto Federal da Paraiba,João Pessoa,0.763,"723,515",2.7,"13,786.44","313,883","17,753","29,751","98,023",,8,,"3,3",29,195,3,42.45,43.24,14.31
PB,Paraíba,Instituto Federal da Paraiba,João Pessoa,0.763,"723,515",2.7,"13,786.44","313,883","17,753","29,751","98,023",,8,,"3,3",29,195,3,42.45,43.24,14.31
PB,Paraíba,Instituto Federal da Paraiba,Monteiro,0.628,"30,852",1.8,"7,002.36","2,298",472,"1,197","5,036",,4,,"3,2",29,195,3,42.45,43.24,14.31
PB,Paraíba,Instituto Federal da Paraiba,Patos,0.701,"100,674",1.6,"7,578.11","14,727","1,891","4,624","15,765",,5,,"3,1",29,195,3,42.45,43.24,14.31
PB,Paraíba,Instituto Federal da Paraiba,Picuí,0.608,"18,222",2,"5,156.55","1,465",287,995,"3,323",,5,,"3,6",29,195,2,42.45,43.24,14.31
PB,Paraíba,Instituto Federal da Paraiba,Princesa Isabel,0.606,"21,283",1.6,"5,130.09","1,734",267,771,"2,850",,3,,"3,0",29,195,2,42.45,43.24,14.31
PB,Paraíba,Instituto Federal da Paraiba,Sousa,0.668,"65,803",1.6,"9,519.73","8,818","1,674","2,489","10,466",,5,,"3,4",29,195,3,42.45,43.24,14.31
PR,Paraná,Instituto Federasl do Paraná,Apucarana,0.748,"120,919",1.9,"14,096.56","42,998","5,447","5,314","15,913",,1,,"4,3",13,323,4,51.25,36.91,11.84
PR,Paraná,Instituto Federasl do Paraná,Assis Chateaubriand,0.729,"33,025",1.9,"19,715.95","6,379","1,076","1,622","4,211",,5,,"4,5",13,323,2,51.25,36.91,11.84
PR,Paraná,Instituto Federasl do Paraná,Campo Largo,0.745,"112,377",2.5,"15,674.14","32,405","3,812","5,253","18,134",,4,,"4,7",13,323,3,51.25,36.91,11.84
PR,Paraná,Instituto Federasl do Paraná,Campo Mourão,0.757,"87,194",2.3,"21,103.64","28,602","3,756","4,268","11,858",,2,,"3,9",13,323,3,51.25,36.91,11.84
PR,Paraná,Instituto Federasl do Paraná,Cornélio Procópio,0.759,"46,928",2.1,"17,897.96","16,003","1,890","2,248","6,009",,2,,"4,2",13,323,3,51.25,36.91,11.84
PR,Paraná,Instituto Federasl do Paraná,Curitiba,0.823,"1,751,907",3.9,"32,916.44","1,084,369","103,211","81,614","234,215",,10,,"4,1",13,323,4,51.25,36.91,11.84
PR,Paraná,Instituto Federasl do Paraná,Curitiba,0.823,"1,751,907",3.9,"32,916.44","1,084,369","103,211","81,614","234,215",,10,,"4,1",13,323,4,51.25,36.91,11.84
PR,Paraná,Instituto Federasl do Paraná,Dois Vizinhos,0.767,"36,179",2.3,"20,273.85","12,938","1,907","1,960","5,364",,1,,"4,9",13,323,3,51.25,36.91,11.84
PR,Paraná,Instituto Federasl do Paraná,Foz do Iguaçu,0.751,"256,088",2.7,"29,829.88","70,386","9,536","12,965","39,737",,5,,"4,1",13,323,4,51.25,36.91,11.84
PR,Paraná,Instituto Federasl do Paraná,Francisco Beltrão,0.774,"78,943",2.2,"17,657.14","30,228","4,186","4,187","11,360",,-,,"4,4",13,323,4,51.25,36.91,11.84
PR,Paraná,Instituto Federasl do Paraná,Irati,0.726,"56,207",2.1,"14,222.38","13,343","1,822","2,798","8,232",,4,,"4,6",13,323,3,51.25,36.91,11.84
PR,Paraná,Instituto Federasl do Paraná,Ivaiporã,0.730,"31,816",2.1,"11,883.62","7,137","1,509","1,694","4,162",,3,,"4,2",13,323,2,51.25,36.91,11.84
PR,Paraná,Instituto Federasl do Paraná,Jacarezinho,0.743,"39,121",2.1,"14,988.62","11,576","1,291","1,727","6,124",,4,,"3,5",13,323,3,51.25,36.91,11.84
PR,Paraná,Instituto Federasl do Paraná,Londrina,0.778,"506,701",2.7,"21,071.01","203,224","26,657","21,699","66,637",,3,,"3,8",13,323,4,51.25,36.91,11.84
PR,Paraná,Instituto Federasl do Paraná,Londrina,0.778,"506,701",2.7,"21,071.01","203,224","26,657","21,699","66,637",,3,,"3,8",13,323,4,51.25,36.91,11.84
PR,Paraná,Instituto Federasl do Paraná,Medianeira,0.763,"41,817",2.2,"20,115.73","17,499","1,952","2,240","5,754",,3,,"4,3",13,323,4,51.25,36.91,11.84
PR,Paraná,Instituto Federasl do Paraná,Palmas,0.788,"228,332",4.1,"15,878.91","120,860","7,114","12,634","38,782",,8,,"3,7",13,323,4,51.25,36.91,11.84
PR,Paraná,Instituto Federasl do Paraná,Paranaguá,0.750,"140,469",3.3,"63,280.82","40,987","4,967","7,847","25,420",,7,,"3,2",13,323,2,51.25,36.91,11.84
PR,Paraná,Instituto Federasl do Paraná,Paranavaí,0.763,"81,590",2.1,"14,180.10","24,628","3,386","3,914","10,466",,4,,"4,1",13,323,3,51.25,36.91,11.84
PR,Paraná,Instituto Federasl do Paraná,Pato Branco,0.782,"72,370",2.3,"22,309.21","30,772","4,025","3,886","10,210",,2,,"4,4",13,323,3,51.25,36.91,11.84
PR,Paraná,Instituto Federasl do Paraná,Ponta Grossa,0.763,"311,611",2.6,"20,379.29","97,778","12,608","15,851","51,163",,3,,"3,9",13,323,4,51.25,36.91,11.84
PR,Paraná,Instituto Federasl do Paraná,Telêmaco Borba,0.734,"69,872",3,"21,902.66","17,904","1,998","3,570","10,645",,5,,"3,7",13,323,2,51.25,36.91,11.84
PR,Paraná,Instituto Federasl do Paraná,Toledo,0.661,"5,764",1.4,"5,861.11",674,112,242,842,,1,,"4,4",13,323,3,51.25,36.91,11.84
PR,Paraná,Instituto Federasl do Paraná,Umuarama,0.761,"100,676",2,"15,364.88","33,290","4,485","4,577","12,084",,9,,"4,4",13,323,3,51.25,36.91,11.84
PE,Pernambuco,Instituto Federal de Pernambuco,Afogados da Ingazeira,0.657,"35,088",1.6,"6,291.12","3,198",645,"1,980","5,557",,4,,"4,1",28,225,2,39.12,48.70,12.18
PE,Pernambuco,Instituto Federal de Pernambuco,Barreiros,0.586,"40,732",0.8,"5,870.01","2,821",464,"2,535","8,052",,4,,"3,4",28,225,2,39.12,48.70,12.18
PE,Pernambuco,Instituto Federal de Pernambuco,Belo Jardim,0.629,"72,432",1.8,"11,863.69","10,239",975,"4,055","13,647",,4,,"4,0",28,225,3,39.12,48.70,12.18
PE,Pernambuco,Instituto Federal de Pernambuco,Caruaru,0.677,"314,912",1.7,"10,662.30","78,647","8,276","13,584","51,099",,3,,"3,7",28,225,3,39.12,48.70,12.18
PE,Pernambuco,Instituto Federal do Sertão Pernambucano,Floresta,0.626,"29,285",1.4,"10,299.96","3,431",298,"1,578","5,709",,4,,"4,4",10,257,2,55.95,35.60,8.45
PE,Pernambuco,Instituto Federal de Pernambuco,Garanhuns,0.664,"129,408",1.8,"9,218.71","19,866","2,539","6,914","23,030",,3,,"4,1",28,225,3,39.12,48.70,12.18
PE,Pernambuco,Instituto Federal de Pernambuco,Ipojuca,0.619,"80,637",4.2,"116,198.31","81,539","1,597","3,339","16,365",,3,,"2,7",28,225,2,39.12,48.70,12.18
PE,Pernambuco,Instituto Federal do Sertão Pernambucano,Ouricuri,0.572,"64,358",1.6,"5,271.84","4,424",569,"2,726","14,604",,4,,"4,1",10,257,2,55.95,35.60,8.45
PE,Pernambuco,Instituto Federal de Pernambuco,Pesqueira,0.610,"62,931",1.6,"6,039.88","5,552",932,"3,541","11,304",,3,,"3,5",28,225,4,39.12,48.70,12.18
PE,Pernambuco,Instituto Federal do Sertão Pernambucano,Petrolina,0.697,"293,962",2,"11,044.33","61,609","5,765","17,169","55,864",,8,,"3,9",10,257,3,55.95,35.60,8.45
PE,Pernambuco,Instituto Federal do Sertão Pernambucano,Petrolina,0.697,"293,962",2,"11,044.33","61,609","5,765","17,169","55,864",,8,,"3,9",10,257,3,55.95,35.60,8.45
PE,Pernambuco,Instituto Federal de Pernambuco,Recife,0.772,"1,537,704",3.2,"21,434.88","789,968","43,112","74,638","211,549",,4,,"3,5",28,225,4,39.12,48.70,12.18
PE,Pernambuco,Instituto Federal do Sertão Pernambucano,Salgueiro,0.669,"56,629",2.8,"9,916.05","12,704","1,001","3,332","10,839",,3,,"4,5",10,257,3,55.95,35.60,8.45
PE,Pernambuco,Instituto Federal de Pernambuco,São Lourenço da Mata,0.653,"102,895",2.5,"5,891.13","15,554",826,"3,501","14,952",,4,,"3,4",28,225,2,39.12,48.70,12.18
PE,Pernambuco,Instituto Federal de Pernambuco,Vitória de Santo Antão,0.640,"129,974",1.9,"12,566.66","20,392","2,004","6,513","21,907",,3,,"3,2",28,225,3,39.12,48.70,12.18
PI,Piauí,Instituto Federal do Piauí,Angical do Piauí,0.630,"6,672",1.7,"4,526.49",399,107,606,"1,267",,5,,"3,9",4,635,2,62.55,31.58,5.87
PI,Piauí,Instituto Federal do Piauí,Bom Jesus,0.668,"22,629",1.8,"11,877.73","2,947",684,"1,073","4,475",,4,,"3,0",4,635,2,62.55,31.58,5.87
PI,Piauí,Instituto Federal do Piauí,Corrente,0.642,"25,407",1.7,"5,639.56","2,185",402,"1,469","5,571",,5,,"3,4",4,635,3,62.55,31.58,5.87
PI,Piauí,Instituto Federal do Piauí,Floriano,0.700,"57,690",1.6,"10,263.95","9,592","1,269","4,081","9,401",,7,,"3,7",4,635,4,62.55,31.58,5.87
PI,Piauí,Instituto Federal do Piauí,Floriano,0.700,"57,690",1.6,"10,263.95","9,592","1,269","4,081","9,401",,7,,"3,7",4,635,4,62.55,31.58,5.87
PI,Piauí,Instituto Federal do Piauí,Parnaíba,0.687,"145,705",1.6,"7,088.69","18,999","2,671","7,835","22,781",,7,,"3,2",4,635,2,62.55,31.58,5.87
PI,Piauí,Instituto Federal do Piauí,Paulistana,0.600,"19,785",2.8,"5,438.85","1,717",409,819,"4,117",,5,,"4,2",4,635,2,62.55,31.58,5.87
PI,Piauí,Instituto Federal do Piauí,Pedro II,0.571,"37,496",1.2,"4,094.08","2,319",413,"1,690","8,247",,5,,"3,9",4,635,2,62.55,31.58,5.87
PI,Piauí,Instituto Federal do Piauí,Picos,0.698,"73,414",1.5,"9,975.27","12,692","2,063","4,681","12,542",,6,,"3,7",4,635,3,62.55,31.58,5.87
PI,Piauí,Instituto Federal do Piauí,Piripiri,0.635,"61,834",1.7,"5,541.51","5,764",967,"3,263","10,488",,6,,"4,9",4,635,2,62.55,31.58,5.87
PI,Piauí,Instituto Federal do Piauí,São Raimundo Nonato,0.661,"32,327",1.8,"6,203.16","3,736",811,"1,688","5,522",,5,,"3,0",4,635,3,62.55,31.58,5.87
PI,Piauí,Instituto Federal do Piauí,Teresina,0.751,"814,230",2.7,"13,866.75","291,324","17,577","52,611","119,306",,11,,"3,4",4,635,4,62.55,31.58,5.87
PI,Piauí,Instituto Federal do Piauí,Teresina,0.751,"814,230",2.7,"13,866.75","291,324","17,577","52,611","119,306",,11,,"3,4",4,635,4,62.55,31.58,5.87
PI,Piauí,Instituto Federal do Piauí,Teresina,0.751,"814,230",2.7,"13,866.75","291,324","17,577","52,611","119,306",,11,,"3,4",4,635,4,62.55,31.58,5.87
PI,Piauí,Instituto Federal do Piauí,Uruçuí,0.631,"20,149",2.1,"29,552.15","2,757",466,980,"4,257",,6,,"4,2",4,635,3,62.55,31.58,5.87
RJ,Rio de Janeiro,Instituto Federal do Rio de Janeiro,Arraial do Cabo,0.733,"27,715",2.1,"15,904.50","5,321",697,"1,009","4,238",,2,,"3,1",47,206,3,25.44,48.40,26.16
RJ,Rio de Janeiro,Instituto Federal Fluminense,Bom Jesus do Itabapoana,0.732,"35,411",1.7,"12,567.65","6,665",869,"2,037","5,517",,6,,"4,9",10,40,2,44.38,41.07,14.55
RJ,Rio de Janeiro,Instituto Federal Fluminense,Cabo Frio,0.735,"186,227",2,"49,086.75","45,193","6,077","6,311","30,275",,4,,"2,8",10,40,3,44.38,41.07,14.55
RJ,Rio de Janeiro,Instituto Federal Fluminense,Campos dos Goytacazes,0.716,"463,731",2.3,"79,484.78","105,533","9,880","15,612","73,959",,7,,"3,4",10,40,3,44.38,41.07,14.55
RJ,Rio de Janeiro,Instituto Federal Fluminense,Campos dos Goytacazes,0.716,"463,731",2.3,"79,484.78","105,533","9,880","15,612","73,959",,7,,"3,4",10,40,3,44.38,41.07,14.55
RJ,Rio de Janeiro,Instituto Federal do Rio de Janeiro,Duque de Caxias,0.711,"855,048",2.8,"30,921.86","196,445","13,583","36,447","131,810",,4,,"3,3",47,206,4,25.44,48.40,26.16
RJ,Rio de Janeiro,Instituto Federal do Rio de Janeiro,Engenheiro Paulo de Frontin,0.722,"13,237",1.7,"11,366.90","2,160",237,769,"1,753",,1,,"5,7",47,206,2,25.44,48.40,26.16
RJ,Rio de Janeiro,Instituto Federal Fluminense,Itaperuna,0.730,"95,841",1.9,"16,281.80","22,806","2,799","3,356","12,799",,4,,"4,7",10,40,3,44.38,41.07,14.55
RJ,Rio de Janeiro,Instituto Federal Fluminense,Macaé,0.764,"206,728",7.5,"59,116.45","150,068","5,755","7,452","31,610",,4,,"3,6",10,40,2,44.38,41.07,14.55
RJ,Rio de Janeiro,Instituto Federal do Rio de Janeiro,Mesquita,0.656,"6,069",1.3,"5,448.42",517,92,359,802,,-,,"3,5",47,206,2,25.44,48.40,26.16
RJ,Rio de Janeiro,Instituto Federal do Rio de Janeiro,Nilópolis,0.753,"157,425",1.8,"11,498.86","22,699","2,378","8,947","24,276",,3,,"3,3",47,206,4,25.44,48.40,26.16
RJ,Rio de Janeiro,Instituto Federal do Rio de Janeiro,Paracambi,0.720,"47,124",3.5,"11,123.30","9,970",778,"2,137","5,808",,1,,"3,3",47,206,4,25.44,48.40,26.16
RJ,Rio de Janeiro,Instituto Federal do Rio de Janeiro,Pinheiral,0.715,"22,719",1.6,"9,813.68","3,792",475,967,"3,325",,6,,"4,5",47,206,3,25.44,48.40,26.16
RJ,Rio de Janeiro,Instituto Federal Fluminense,Quissamã,0.704,"20,242",3,"193,740.96","3,690",321,835,"3,562",,4,,"3,6",10,40,3,44.38,41.07,14.55
RJ,Rio de Janeiro,Instituto Federal do Rio de Janeiro,Rio de Janeiro,0.799,"6,320,446",4.3,"32,940.23","2,870,096","196,515","239,708","803,315",,7,,"3,7",47,206,4,25.44,48.40,26.16
RJ,Rio de Janeiro,Instituto Federal do Rio de Janeiro,Rio de Janeiro,0.799,"6,320,446",4.3,"32,940.23","2,870,096","196,515","239,708","803,315",,7,,"3,7",47,206,3,25.44,48.40,26.16
RJ,Rio de Janeiro,Instituto Federal do Rio de Janeiro,Rio de Janeiro,0.799,"6,320,446",4.3,"32,940.23","2,870,096","196,515","239,708","803,315",,7,,"3,7",47,206,4,25.44,48.40,26.16
RJ,Rio de Janeiro,Instituto Federal do Rio de Janeiro,Rio de Janeiro,0.799,"6,320,446",4.3,"32,940.23","2,870,096","196,515","239,708","803,315",,7,,"3,7",47,206,3,25.44,48.40,26.16
RJ,Rio de Janeiro,Instituto Federal do Rio de Janeiro,São Gonçalo,0.739,"999,728",1.9,"11,488.34","131,437","12,507","26,481","110,310",,2,,"3,4",47,206,3,25.44,48.40,26.16
RJ,Rio de Janeiro,Instituto Federal do Rio de Janeiro,Volta Redonda,0.771,"257,803",2.8,"35,126.98","87,366","7,065","11,713","37,158",,2,,"4,3",47,206,4,25.44,48.40,26.16
RN,Rio Grande do Norte,Instituto Federal do Rio Grande do Norte,Apodi,0.639,"34,763",1.7,"10,809.08","2,730",483,"1,814","4,691",,3,,"3,5",100,634,4,40.77,48.04,11.19
RN,Rio Grande do Norte,Instituto Federal do Rio Grande do Norte,Caicó,0.710,"62,709",1.6,"9,415.19","11,535","1,491","3,301","8,842",,3,,"3,1",100,634,4,40.77,48.04,11.19
RN,Rio Grande do Norte,Instituto Federal do Rio Grande do Norte,Currais Novos,0.691,"42,652",1.7,"8,494.87","6,701","1,008","2,357","6,274",,2,,"3,4",100,634,4,40.77,48.04,11.19
RN,Rio Grande do Norte,Instituto Federal do Rio Grande do Norte,Ipanguaçu,0.603,"13,856",1.5,"5,870.01","2,134",134,"1,245","2,485",,3,,"1,9",100,634,3,40.77,48.04,11.19
RN,Rio Grande do Norte,Instituto Federal do Rio Grande do Norte,João Câmara,0.595,"32,227",1.7,"6,289.62","2,782",515,"2,113","6,463",,3,,"2,7",100,634,4,40.77,48.04,11.19
RN,Rio Grande do Norte,Instituto Federal do Rio Grande do Norte,Macaíba,0.640,"69,467",1.8,"13,547.61","11,375",900,"2,723","11,176",,9,,"3,2",100,634,2,40.77,48.04,11.19
RN,Rio Grande do Norte,Instituto Federal do Rio Grande do Norte,Macau,0.665,"28,954",1.8,"20,106.75","4,988",639,"1,495","4,617",,2,,"3,1",100,634,4,40.77,48.04,11.19
RN,Rio Grande do Norte,Instituto Federal do Rio Grande do Norte,Mossoró,0.720,"259,815",2.6,"14,872.20","68,375","5,905","12,334","38,232",,3,,"3,4",100,634,4,40.77,48.04,11.19
RN,Rio Grande do Norte,Instituto Federal do Rio Grande do Norte,Natal,0.763,"803,739",3,"15,129.28","348,891","23,065","39,504","111,472",,10,,"3,0",100,634,5,40.77,48.04,11.19
RN,Rio Grande do Norte,Instituto Federal do Rio Grande do Norte,Natal,0.763,"803,739",3,"15,129.28","348,891","23,065","39,504","111,472",,10,,"3,0",100,634,5,40.77,48.04,11.19
RN,Rio Grande do Norte,Instituto Federal do Rio Grande do Norte,Natal,0.763,"803,739",3,"15,129.28","348,891","23,065","39,504","111,472",,10,,"3,0",100,634,5,40.77,48.04,11.19
RN,Rio Grande do Norte,Instituto Federal do Rio Grande do Norte,Natal,0.763,"803,739",3,"15,129.28","348,891","23,065","39,504","111,472",,10,,"3,0",100,634,4,40.77,48.04,11.19
RN,Rio Grande do Norte,Instituto Federal do Rio Grande do Norte,Natal,0.763,"803,739",3,"15,129.28","348,891","23,065","39,504","111,472",,10,,"3,0",100,634,5,40.77,48.04,11.19
RN,Rio Grande do Norte,Instituto Federal do Rio Grande do Norte,Nova Cruz,0.629,"35,490",1.6,"6,530.46","2,886",405,"1,521","6,895",,3,,"2,7",100,634,3,40.77,48.04,11.19
RN,Rio Grande do Norte,Instituto Federal do Rio Grande do Norte,Parnamirim,0.766,"202,456",1.9,"13,001.84","43,591","3,814","8,472","29,482",,2,,"3,6",100,634,3,40.77,48.04,11.19
RN,Rio Grande do Norte,Instituto Federal do Rio Grande do Norte,Pau dos Ferros,0.678,"27,745",1.6,"8,598.08","3,971",790,"1,784","4,370",,2,,"3,6",100,634,3,40.77,48.04,11.19
RN,Rio Grande do Norte,Instituto Federal do Rio Grande do Norte,Santa Cruz,0.635,"35,797",1.8,"6,013.11","3,618",561,"2,059","6,067",,2,,"2,9",100,634,4,40.77,48.04,11.19
RN,Rio Grande do Norte,Instituto Federal do Rio Grande do Norte,São Gonçalo do Amarante,0.665,"43,890",4.1,"29,336.60","8,135",594,"3,183","7,827",,3,,"2,5",100,634,2,40.77,48.04,11.19
RS,Rio Grande do Sul,Instituto Federal Farroupilha,Alegrete,0.740,"77,653",2.1,"15,757.07","13,393","2,042","3,677","10,124",,4,,"3,9",24,246,4,15.83,61.01,23.17
RS,Rio Grande do Sul,Instituto Federal Sul Rio Grandense,Bagé,0.740,"116,794",2.6,"12,522.61","23,810","3,373","5,253","16,915",,4,,"3,1",16,227,3,43.54,41.95,14.51
RS,Rio Grande do Sul,Instituto Federal do Rio Grande do Sul,Bento Gonçalves,0.778,"107,278",3,"30,877.32","52,317","7,517","3,712","12,423",,4,,"4,1",37,163,4,30.15,48.81,21.05
RS,Rio Grande do Sul,Instituto Federal Sul Rio Grandense,Camaquã,0.697,"62,764",2.2,"17,889.02","13,432","2,297","2,763","8,682",,4,,"4,1",16,227,2,43.54,41.95,14.51
RS,Rio Grande do Sul,Instituto Federal do Rio Grande do Sul,Canoas,0.750,"323,827",3.4,"47,711.11","107,061","12,942","11,976","49,108",,3,,"3,4",37,163,4,30.15,48.81,21.05
RS,Rio Grande do Sul,Instituto Federal do Rio Grande do Sul,Caxias do Sul,0.782,"435,564",3.3,"37,696.92","215,775","25,536","16,360","56,408",,3,,"4,2",37,163,4,30.15,48.81,21.05
RS,Rio Grande do Sul,Instituto Federal Sul Rio Grandense,Charqueadas,0.747,"35,320",2.8,"26,714.39","6,637","1,022","1,431","4,776",,5,,"4,3",16,227,4,43.54,41.95,14.51
RS,Rio Grande do Sul,Instituto Federal do Rio Grande do Sul,Erechim,0.776,"96,087",2.4,"27,911.36","47,913","5,509","3,959","11,860",,4,,"5,0",37,163,3,30.15,48.81,21.05
RS,Rio Grande do Sul,Instituto Federal do Rio Grande do Sul,Farroupilha,0.777,"63,635",3.1,"27,555.34","30,210","3,620","2,793","8,111",,3,,"4,3",37,163,4,30.15,48.81,21.05
RS,Rio Grande do Sul,Instituto Federal do Rio Grande do Sul,Feliz,0.750,"12,359",2.2,"20,176.81","4,553",672,422,"1,417",,4,,"4,9",37,163,3,30.15,48.81,21.05
RS,Rio Grande do Sul,Instituto Federal Farroupilha,Frederico Westphalen,0.760,"28,843",2.1,"21,603.26","9,742","1,538","1,542","3,616",,3,,"5,2",24,246,3,15.83,61.01,23.17
RS,Rio Grande do Sul,Instituto Federal do Rio Grande do Sul,Ibirubá,0.765,"19,310",2.4,"33,755.69","6,463",865,737,"2,218",,3,,"4,4",37,163,2,30.15,48.81,21.05
RS,Rio Grande do Sul,Instituto Federal Farroupilha,Jaguari,0.712,"11,473",2.1,"14,023.95","2,632",340,360,"1,260",,5,,"4,3",24,246,2,15.83,61.01,23.17
RS,Rio Grande do Sul,Instituto Federal Farroupilha,Júlio de Castilhos,0.716,"19,579",2.1,"27,486.56","3,114",692,843,"2,779",,4,,"4,8",24,246,2,15.83,61.01,23.17
RS,Rio Grande do Sul,Instituto Federal do Rio Grande do Sul,Osório,0.751,"40,906",2.6,"17,812.44","12,225","1,696","1,927","5,947",,3,,"3,9",37,163,3,30.15,48.81,21.05
RS,Rio Grande do Sul,Instituto Federal Farroupilha,Panambi,0.761,"38,058",2.8,"26,889.47","15,615","1,664","1,512","5,036",,7,,"4,9",24,246,3,15.83,61.01,23.17
RS,Rio Grande do Sul,Instituto Federal Sul Rio Grandense,Passo Fundo,0.776,"184,826",2.5,"26,814.25","69,012","9,344","7,333","25,012",,4,,"3,8",16,227,3,43.54,41.95,14.51
RS,Rio Grande do Sul,Instituto Federal Sul Rio Grandense,Pelotas,0.739,"328,275",2.6,"16,488.14","90,109","11,342","12,289","43,249",,10,,"3,3",16,227,4,43.54,41.95,14.51
RS,Rio Grande do Sul,Instituto Federal Sul Rio Grandense,Pelotas,0.739,"328,275",2.6,"16,488.14","90,109","11,342","12,289","43,249",,10,,"3,3",16,227,4,43.54,41.95,14.51
RS,Rio Grande do Sul,Instituto Federal do Rio Grande do Sul,Porto Alegre,0.805,"1,409,351",4,"32,203.11","875,881","89,032","48,214","177,090",,8,,"3,4",37,163,4,30.15,48.81,21.05
RS,Rio Grande do Sul,Instituto Federal do Rio Grande do Sul,Porto Alegre,0.805,"1,409,351",4,"32,203.11","875,881","89,032","48,214","177,090",,8,,"3,4",37,163,4,30.15,48.81,21.05
RS,Rio Grande do Sul,Instituto Federal do Rio Grande do Sul,Rio Grande,0.744,"197,228",3.7,"41,376.38","57,379","5,682","7,116","27,862",,5,,"3,1",37,163,3,30.15,48.81,21.05
RS,Rio Grande do Sul,Instituto Federal Farroupilha,Santa Maria,0.590,"4,762",1.6,"5,161.44",381,42,191,953,,8,,"3,7",24,246,4,15.83,61.01,23.17
RS,Rio Grande do Sul,Instituto Federal Farroupilha,Santa Maria,0.590,"4,762",1.6,"5,161.44",381,42,191,953,,8,,"3,7",24,246,4,15.83,61.01,23.17
RS,Rio Grande do Sul,Instituto Federal Farroupilha,Santa Rosa,0.769,"68,587",2.3,"23,677.41","24,656","2,938","3,260","8,714",,6,,"4,4",24,246,3,15.83,61.01,23.17
RS,Rio Grande do Sul,Instituto Federal Sul Rio Grandense,Santana do Livramento,0.727,"82,464",1.9,"12,791.93","14,662","2,773","3,499","11,972",,4,,"3,4",16,227,2,43.54,41.95,14.51
RS,Rio Grande do Sul,Instituto Federal Farroupilha,Santo Augusto,0.739,"13,968",2,"21,579.06","2,800",503,808,"1,730",,5,,"3,9",24,246,4,15.83,61.01,23.17
RS,Rio Grande do Sul,Instituto Federal Farroupilha,São Borja,0.736,"61,671",2.3,"21,628.79","11,431","1,794","2,647","8,694",,4,,"3,5",24,246,3,15.83,61.01,23.17
RS,Rio Grande do Sul,Instituto Federal Farroupilha,São Vicente do Sul,0.685,"8,440",2.1,"15,283.50",953,259,556,"1,259",,6,,"3,5",24,246,4,15.83,61.01,23.17
RS,Rio Grande do Sul,Instituto Federal Sul Rio Grandense,Sapucaia do Sul,0.726,"130,957",3,"16,467.28","25,618","3,465","4,829","19,386",,6,,"4,0",16,227,5,43.54,41.95,14.51
RS,Rio Grande do Sul,Instituto Federal do Rio Grande do Sul,Sertão,0.751,"6,294",2.1,"23,475.53",883,220,673,700,,4,,"4,1",37,163,3,30.15,48.81,21.05
RS,Rio Grande do Sul,Instituto Federal Sul Rio Grandense,Venâncio Aires,0.712,"65,946",2.3,"29,995.93","18,127","2,642","2,143","8,246",,3,,"4,3",16,227,2,43.54,41.95,14.51
RO,Rondonia,Instituto Federal de Rondonia,Cacoal,0.718,"78,574",2,"16,309.92","16,751","1,838","4,161","12,798",,6,,"4,4",9,160,3,43.48,46.20,10.33
RO,Rondonia,Instituto Federal de Rondonia,Colorado do Oeste,0.685,"18,591",1.7,"13,619.25","2,237",494,"1,148","2,658",,6,,"3,6",9,160,2,43.48,46.20,10.33
RO,Rondonia,Instituto Federal de Rondonia,Ji-Paraná,0.714,"116,610",2.1,"16,752.92","29,197","3,070","5,188","19,486",,8,,"3,8",9,160,2,43.48,46.20,10.33
RO,Rondonia,Instituto Federal de Rondonia,Porto Velho,0.736,"428,527",3.7,"21,784.76","206,468","9,836","16,058","82,969",,7,,"3,2",9,160,3,43.48,46.20,10.33
RO,Rondonia,Instituto Federal de Rondonia,Porto Velho,0.736,"428,527",3.7,"21,784.76","206,468","9,836","16,058","82,969",,7,,"3,2",9,160,3,43.48,46.20,10.33
RO,Rondonia,Instituto Federal de Rondonia,Vilhena,0.731,"76,202",2.1,"18,257.68","19,755","2,576","3,352","12,887",,7,,"4,1",9,160,2,43.48,46.20,10.33
RR,Roraima,Instituto Federal de Roraima,Amajari,0.484,"9,327",0.6,"10,309.41",364,26,227,"1,971",,1,,"3,6",4,166,2,64.62,32.82,2.56
RR,Roraima,Instituto Federal de Roraima,Boa Vista,0.752,"284,313",3.3,"17,552.65","90,507","5,233","14,504","54,096",,7,,"3,6",4,166,4,64.62,32.82,2.56
RR,Roraima,Instituto Federal de Roraima,Caracaraí,0.624,"18,398",1.7,"11,106.55","1,694",229,807,"4,161",,1,,"3,1",4,166,2,64.62,32.82,2.56
SC,Santa Catarina,Instituto Federal Catarinense,Araquari,0.703,"24,810",2.6,"23,012.66","10,022","1,222","1,534","4,215",,4,,"3,6",33,187,2,32.27,50.63,17.10
SC,Santa Catarina,Instituto Federal de Santa Catarina,Araranguá,0.760,"61,310",2.1,"16,815.40","17,148","2,683","2,807","8,573",,3,,"4,3",50,102,4,39.88,45.04,15.08
SC,Santa Catarina,Instituto Federal Catarinense,Blumenau,0.806,"309,011",2.8,"32,617.11","158,141","18,922","11,813","38,839",,2,,"4,2",33,187,4,32.27,50.63,17.10
SC,Santa Catarina,Instituto Federal de Santa Catarina,Caçador,0.735,"70,762",2.3,"24,442.04","24,186","2,306","2,613","11,121",,3,,"3,9",50,102,3,39.88,45.04,15.08
SC,Santa Catarina,Instituto Federal Catarinense,Camboriú,0.726,"62,361",2.1,"10,593.98","11,890","2,003","3,036","10,104",,5,,"3,6",33,187,4,32.27,50.63,17.10
SC,Santa Catarina,Instituto Federal de Santa Catarina,Canoinhas,0.757,"52,765",2.2,"18,312.71","13,178","1,951","2,766","7,830",,4,,"4,9",50,102,3,39.88,45.04,15.08
SC,Santa Catarina,Instituto Federal de Santa Catarina,Chapecó,0.790,"183,530",2.6,"24,179.73","82,307","8,600","7,457","25,789",,2,,"4,2",50,102,4,39.88,45.04,15.08
SC,Santa Catarina,Instituto Federal Catarinense,Concórdia,0.800,"68,621",2.7,"22,859.93","26,755","3,487","3,286","8,188",,4,,"5,3",33,187,3,32.27,50.63,17.10
SC,Santa Catarina,Instituto Federal de Santa Catarina,Criciúma,0.788,"192,308",2.5,"21,133.56","76,232","8,940","8,831","24,858",,2,,"3,7",50,102,4,39.88,45.04,15.08
SC,Santa Catarina,Instituto Federal de Santa Catarina,Florianópolis,0.847,"421,240",4.7,"26,749.29","303,232","25,574","17,270","47,929",,6,,"3,5",50,102,5,39.88,45.04,15.08
SC,Santa Catarina,Instituto Federal de Santa Catarina,Florianópolis,0.847,"421,240",4.7,"26,749.29","303,232","25,574","17,270","47,929",,6,,"3,5",50,102,5,39.88,45.04,15.08
SC,Santa Catarina,Instituto Federal Catarinense,Fraiburgo,0.731,"34,553",1.9,"15,782.71","10,423","1,365","1,540","5,764",,2,,"4,8",33,187,3,32.27,50.63,17.10
SC,Santa Catarina,Instituto Federal de Santa Catarina,Garopaba,0.753,"18,138",2.2,"13,567.69","5,434","1,020",759,"2,612",,3,,"3,3",50,102,3,39.88,45.04,15.08
SC,Santa Catarina,Instituto Federal de Santa Catarina,Gaspar,0.765,"57,981",2.6,"28,337.19","25,307","3,223","2,341","7,516",,5,,"4,5",50,102,3,39.88,45.04,15.08
SC,Santa Catarina,Instituto Federal Catarinense,Ibirama,0.737,"17,330",2.1,"16,943.84","6,824",922,685,"2,385",,4,,"4,3",33,187,2,32.27,50.63,17.10
SC,Santa Catarina,Instituto Federal de Santa Catarina,Itajaí,0.795,"183,373",3,"99,923.47","86,297","10,196","8,050","26,048",,2,,"3,9",50,102,3,39.88,45.04,15.08
SC,Santa Catarina,Instituto Federal de Santa Catarina,Jaraguá do Sul,0.803,"143,123",3.2,"42,063.97","78,808","7,290","6,175","19,218",,3,,"4,6",50,102,3,39.88,45.04,15.08
SC,Santa Catarina,Instituto Federal de Santa Catarina,Jaraguá do Sul,0.803,"143,123",3.2,"42,063.97","78,808","7,290","6,175","19,218",,3,,"4,6",50,102,3,39.88,45.04,15.08
SC,Santa Catarina,Instituto Federal de Santa Catarina,Joinville,0.809,"515,288",3,"36,086.31","223,706","20,119","21,274","69,221",,2,,"4,3",50,102,5,39.88,45.04,15.08
SC,Santa Catarina,Instituto Federal de Santa Catarina,Lages,0.770,"156,727",2.2,"19,214.26","48,608","5,838","6,263","22,912",,4,,"3,1",50,102,4,39.88,45.04,15.08
SC,Santa Catarina,Instituto Federal Catarinense,Luzerna,0.789,"5,600",2.2,"19,728.40","1,824",288,359,682,,2,,"4,1",33,187,3,32.27,50.63,17.10
SC,Santa Catarina,Instituto Federal de Santa Catarina,Palhoça,0.757,"137,334",2.1,"18,327.81","41,156","5,304","4,621","20,179",,2,,"3,3",50,102,4,39.88,45.04,15.08
SC,Santa Catarina,Instituto Federal Catarinense,Rio do Sul,0.802,"61,198",2.5,"26,355.85","29,963","3,638","2,945","8,113",,4,,"4,2",33,187,3,32.27,50.63,17.10
SC,Santa Catarina,Instituto Federal Catarinense,Santa Rosa do Sul,0.705,"8,054",1.9,"10,596.07","1,315",236,865,"1,125",,3,,"4,1",33,187,2,32.27,50.63,17.10
SC,Santa Catarina,Instituto Federal Catarinense,São Francisco do Sul,0.762,"42,520",3.9,"100,410.59","12,761","1,719","1,799","6,419",,2,,"3,9",33,187,3,32.27,50.63,17.10
SC,Santa Catarina,Instituto Federal de Santa Catarina,São José,0.809,"209,804",2.3,"24,640.32","112,074","10,085","7,815","25,957",,2,,"3,7",50,102,3,39.88,45.04,15.08
SC,Santa Catarina,Instituto Federal de Santa Catarina,São Miguel do Oeste,0.801,"36,306",2.3,"19,155.53","13,529","2,022","1,754","4,321",,2,,"4,1",50,102,3,39.88,45.04,15.08
SC,Santa Catarina,Instituto Federal de Santa Catarina,Urupema,0.699,"2,482",1.8,"14,035.54",364,68,105,334,,2,,"3,6",50,102,3,39.88,45.04,15.08
SC,Santa Catarina,Instituto Federal Catarinense,Videira,0.764,"47,188",2.4,"24,305.28","21,740","2,258","2,034","6,785",,4,,"4,4",33,187,3,32.27,50.63,17.10
SC,Santa Catarina,Instituto Federal de Santa Catarina,Xanxerê,0.775,"44,128",2.3,"22,971.59","15,358","2,407","2,297","6,035",,2,,"4,2",50,102,4,39.88,45.04,15.08
SP,São Paulo,Instituto Federal de São Paulo,Araraquara,0.815,"208,662",2.8,"24,836.51","86,253","9,439","8,821","25,154",,2,,"4,6",10,541,3,27.00,50.80,22.21
SP,São Paulo,Instituto Federal de São Paulo,Avaré,0.767,"82,934",2.1,"16,207.62","22,037","3,195","3,304","11,546",,4,,"4,7",10,541,2,27.00,50.80,22.21
SP,São Paulo,Instituto Federal de São Paulo,Barretos,0.789,"112,101",2.4,"19,499.96","36,097","4,183","4,532","13,184",,4,,"4,9",10,541,3,27.00,50.80,22.21
SP,São Paulo,Instituto Federal de São Paulo,Birigui,0.780,"108,728",1.9,"17,445.07","43,415","4,772","4,467","13,211",,3,,"5,1",10,541,3,27.00,50.80,22.21
SP,São Paulo,Instituto Federal de São Paulo,Boituva,0.780,"48,314",3,"31,532.84","22,140","2,191","2,278","7,268",,3,,"3,0",10,541,3,27.00,50.80,22.21
SP,São Paulo,Instituto Federal de São Paulo,Bragança Paulista,0.776,"146,744",2.6,"21,009.59","48,919","5,896","6,737","21,054",,2,,"4,5",10,541,3,27.00,50.80,22.21
SP,São Paulo,Instituto Federal de São Paulo,Campos do Jordão,0.749,"47,789",2.2,"13,407.86","14,726","2,292","2,128","7,636",,2,,"4,9",10,541,4,27.00,50.80,22.21
SP,São Paulo,Instituto Federal de São Paulo,Capivari,0.750,"48,576",2.3,"25,603.10","16,606","1,728","1,942","6,933",,2,,"4,7",10,541,2,27.00,50.80,22.21
SP,São Paulo,Instituto Federal de São Paulo,Caraguatatuba,0.759,"100,840",2.4,"15,117.69","25,044","3,818","5,115","16,073",,4,,"4,9",10,541,2,27.00,50.80,22.21
SP,São Paulo,Instituto Federal de São Paulo,Catanduva,0.785,"112,820",2.4,"22,336.65","47,280","5,286","4,926","12,745",,3,,"5,0",10,541,3,27.00,50.80,22.21
SP,São Paulo,Instituto Federal de São Paulo,Cubatão,0.737,"118,720",5,"46,415.41","42,484","2,447","5,362","18,429",,2,,"4,0",10,541,2,27.00,50.80,22.21
SP,São Paulo,Instituto Federal de São Paulo,Guarulhos,0.763,"1,221,979",3.4,"35,248.49","392,581","31,532","67,506","195,886",,2,,"4,1",10,541,4,27.00,50.80,22.21
SP,São Paulo,Instituto Federal de São Paulo,Hortolândia,0.756,"192,692",4.7,"34,232.67","51,514","4,458","10,047","28,937",,3,,"4,5",10,541,2,27.00,50.80,22.21
SP,São Paulo,Instituto Federal de São Paulo,Itapetininga,0.763,"144,377",2.2,"20,211.44","36,830","5,069","6,395","22,073",,3,,"4,8",10,541,2,27.00,50.80,22.21
SP,São Paulo,Instituto Federal de São Paulo,Matão,0.773,"76,786",2.9,"63,786.64","32,452","3,032","3,365","9,835",,-,,"4,9",10,541,4,27.00,50.80,22.21
SP,São Paulo,Instituto Federal de São Paulo,Piracicaba,0.785,"364,571",3.5,"31,486.14","151,587","15,272","16,264","47,846",,2,,"4,5",10,541,3,27.00,50.80,22.21
SP,São Paulo,Instituto Federal de São Paulo,Presidente Epitácio,0.750,"41,318",2.1,"12,185.93","8,716","1,859","1,903","5,482",,4,,"4,3",10,541,2,27.00,50.80,22.21
SP,São Paulo,Instituto Federal de São Paulo,Registro,0.754,"54,261",2.3,"20,003.38","14,397","1,922","2,910","9,172",,3,,"4,7",10,541,2,27.00,50.80,22.21
SP,São Paulo,Instituto Federal de São Paulo,Salto,0.780,"105,516",2.9,"25,524.73","34,941","3,771","4,960","14,544",,2,,"5,0",10,541,3,27.00,50.80,22.21
SP,São Paulo,Instituto Federal de São Paulo,São Carlos,0.805,"221,950",3.3,"24,654.32","87,876","11,011","9,430","27,652",,-,,"5,0",10,541,4,27.00,50.80,22.21
SP,São Paulo,Instituto Federal de São Paulo,São João da Boa Vista,0.797,"83,639",2.6,"25,290.08","27,316","4,127","3,610","9,911",,4,,"4,6",10,541,3,27.00,50.80,22.21
SP,São Paulo,Instituto Federal de São Paulo,São José dos Campos,0.807,"629,921",4.1,"39,587.72","241,007","22,523","30,752","85,839",,1,,"4,7",10,541,4,27.00,50.80,22.21
SP,São Paulo,Instituto Federal de São Paulo,São Paulo,0.805,"11,253,503",4.4,"42,152.76","6,062,016","567,772","504,615","1,531,007",,5,,"4,1",10,541,3,27.00,50.80,22.21
SP,São Paulo,Instituto Federal de São Paulo,São Roque,0.768,"78,821",2.4,"18,755.63","21,398","2,628","3,321","11,811",,3,,"4,0",10,541,3,27.00,50.80,22.21
SP,São Paulo,Instituto Federal de São Paulo,Sertãozinho,0.621,"4,395",1.5,"6,420.97",321,38,204,892,,2,,"4,8",10,541,3,27.00,50.80,22.21
SP,São Paulo,Instituto Federal de São Paulo,Suzano,0.765,"262,480",3.3,"21,838.49","59,540","6,677","16,168","45,353",,2,,"4,4",10,541,3,27.00,50.80,22.21
SP,São Paulo,Instituto Federal de São Paulo,Votuporanga,0.790,"84,692",2.2,"17,532.49","28,695","3,726","3,591","9,155",,3,,"4,6",10,541,2,27.00,50.80,22.21
SE,Sergipe,Instituto Federal de Sergipe,Aracaju,0.770,"571,149",3.3,"15,913.40","237,905","14,818","25,124","74,896",,10,,"2,7",30,61,3,46.26,48.29,5.45
SE,Sergipe,Instituto Federal de Sergipe,Estância,0.647,"64,409",1.9,"17,470.64","10,293",894,"2,704","12,287",,5,,"1,9",30,61,2,46.26,48.29,5.45
SE,Sergipe,Instituto Federal de Sergipe,Itabaiana,0.613,"24,481",1.5,"5,897.52","2,173",326,903,"4,143",,4,,"2,0",30,61,3,46.26,48.29,5.45
SE,Sergipe,Instituto Federal de Sergipe,Lagarto,0.625,"94,861",1.8,"8,017.94","11,587","1,333","4,454","17,057",,6,,"3,5",30,61,4,46.26,48.29,5.45
SE,Sergipe,Instituto Federal de Sergipe,Nossa Senhora da Glória,0.587,"32,497",1.9,"10,332.37","4,010",465,"1,531","6,925",,3,,"3,0",30,61,2,46.26,48.29,5.45
SE,Sergipe,Instituto Federal de Sergipe,São Cristóvão,0.662,"78,864",2.9,"6,970.57","12,408",868,"2,708","12,132",,6,,"2,2",30,61,2,46.26,48.29,5.45
TO,Tocantins,Instituto Federal de Tocantins,Araguaína,0.752,"150,484",2.1,"13,029.15","30,410","3,583","8,185","25,775",,2,,"3,6",8,367,3,57.14,35.81,7.04
TO,Tocantins,Instituto Federal de Tocantins,Araguatins,0.631,"31,329",1.8,"6,492.52","2,254",345,"1,876","6,487",,3,,"3,8",8,367,3,57.14,35.81,7.04
TO,Tocantins,Instituto Federal de Tocantins,Gurupi,0.759,"76,755",2.1,"15,445.57","17,863","2,348","3,310","12,389",,4,,"4,3",8,367,2,57.14,35.81,7.04
TO,Tocantins,Instituto Federal de Tocantins,Palmas,0.788,"228,332",4.1,"15,878.91","120,860","7,114","12,634","38,782",,8,,"4,1",8,367,3,57.14,35.81,7.04
TO,Tocantins,Instituto Federal de Tocantins,Paraíso do Tocantins,0.764,"44,417",1.8,"14,213.82","9,663","1,296","2,364","7,431",,4,,"3,8",8,367,2,57.14,35.81,7.04
TO,Tocantins,Instituto Federal de Tocantins,Porto Nacional,0.740,"49,146",2.2,"15,161.04","7,634","1,196","2,703","8,861",,3,,"4,0",8,367,2,57.14,35.81,7.04
